"","title","price","links"
"1","Сукня сіра в смужку","699 грн","/uk/suknya-v-print-alana-5153592"
"2","Сукня чорна","719 грн","/uk/suknya-sinya-bestia-5153737"
"3","Сукня в принт","479 грн","/uk/suknya-sira-marse-4067317"
"4","Сукня чорна","669 грн","/uk/suknya-zelena-elfberg-plus-size-3315418"
"5","Сукня молочного кольору","359 грн","/uk/suknya-v-print-alana-5153592"
"6","Сукня бірюзова","279 грн","/uk/suknya-sinya-bestia-5153737"
"7","Сукня в принт","719 грн","/uk/suknya-sira-marse-4067317"
"8","Сукня синя","619 грн","/uk/suknya-zelena-elfberg-plus-size-3315418"
"9","Сукня кольору ментолу","419 грн","/uk/suknya-v-print-alana-5153592"
"10","Сукня в квітковий принт","691 грн","/uk/suknya-sinya-bestia-5153737"
"11","Сукня синя в квітковий принт","359 грн","/uk/suknya-sira-marse-4067317"
"12","Сукня біла з квітковим принтом","529 грн","/uk/suknya-zelena-elfberg-plus-size-3315418"
"13","Сукня в малюнок","539 грн","/uk/suknya-v-print-alana-5153592"
"14","Сукня темно-синя","419 грн","/uk/suknya-sinya-bestia-5153737"
"15","Сукня біла в горошок","239 грн","/uk/suknya-sira-marse-4067317"
"16","Сукня коричнева","549 грн","/uk/suknya-zelena-elfberg-plus-size-3315418"
"17","Сукня кольору пудри","239 грн","/uk/suknya-v-print-alana-5153592"
"18","Сукня сіра","691 грн","/uk/suknya-sinya-bestia-5153737"
"19","Сукня біла в смужку","499 грн","/uk/suknya-sira-marse-4067317"
"20","Сукня кольору хакі","859 грн","/uk/suknya-zelena-elfberg-plus-size-3315418"
"21","Сукня темно-синя","619 грн","/uk/suknya-v-print-alana-5153592"
"22","Сукня синя","479 грн","/uk/suknya-sinya-bestia-5153737"
"23","Сукня сіра","219 грн","/uk/suknya-sira-marse-4067317"
"24","Сукня кольору хакі","1399 грн","/uk/suknya-zelena-elfberg-plus-size-3315418"
"25","Сукня зелена","239 грн","/uk/suknya-v-print-alana-5153592"
"26","Сукня чорна в принт","599 грн","/uk/suknya-sinya-bestia-5153737"
"27","Сукня в принт","449 грн","/uk/suknya-sira-marse-4067317"
"28","Сукня в принт","399 грн","/uk/suknya-zelena-elfberg-plus-size-3315418"
"29","Сукня в яскраву смужку","899 грн","/uk/suknya-v-print-alana-5153592"
"30","Сукня чорна","699 грн","/uk/suknya-sinya-bestia-5153737"
"31","Сукня сіра в смужку","699 грн","/uk/suknya-sira-marse-4067317"
"32","Сукня чорна","719 грн","/uk/suknya-zelena-elfberg-plus-size-3315418"
"33","Сукня в принт","479 грн","/uk/suknya-v-print-alana-5153592"
"34","Сукня чорна","669 грн","/uk/suknya-sinya-bestia-5153737"
"35","Сукня молочного кольору","359 грн","/uk/suknya-sira-marse-4067317"
"36","Сукня бірюзова","279 грн","/uk/suknya-zelena-elfberg-plus-size-3315418"
"37","Сукня в принт","719 грн","/uk/suknya-v-print-alana-5153592"
"38","Сукня синя","619 грн","/uk/suknya-sinya-bestia-5153737"
"39","Сукня кольору ментолу","419 грн","/uk/suknya-sira-marse-4067317"
"40","Сукня в квітковий принт","691 грн","/uk/suknya-zelena-elfberg-plus-size-3315418"
"41","Сукня синя в квітковий принт","359 грн","/uk/suknya-v-print-alana-5153592"
"42","Сукня біла з квітковим принтом","529 грн","/uk/suknya-sinya-bestia-5153737"
"43","Сукня в малюнок","539 грн","/uk/suknya-sira-marse-4067317"
"44","Сукня темно-синя","419 грн","/uk/suknya-zelena-elfberg-plus-size-3315418"
"45","Сукня біла в горошок","239 грн","/uk/suknya-v-print-alana-5153592"
"46","Сукня коричнева","549 грн","/uk/suknya-sinya-bestia-5153737"
"47","Сукня кольору пудри","239 грн","/uk/suknya-sira-marse-4067317"
"48","Сукня сіра","691 грн","/uk/suknya-zelena-elfberg-plus-size-3315418"
"49","Сукня біла в смужку","499 грн","/uk/suknya-v-print-alana-5153592"
"50","Сукня кольору хакі","859 грн","/uk/suknya-sinya-bestia-5153737"
"51","Сукня темно-синя","619 грн","/uk/suknya-sira-marse-4067317"
"52","Сукня синя","479 грн","/uk/suknya-zelena-elfberg-plus-size-3315418"
"53","Сукня сіра","219 грн","/uk/suknya-v-print-alana-5153592"
"54","Сукня кольору хакі","1399 грн","/uk/suknya-sinya-bestia-5153737"
"55","Сукня зелена","239 грн","/uk/suknya-sira-marse-4067317"
"56","Сукня чорна в принт","599 грн","/uk/suknya-zelena-elfberg-plus-size-3315418"
"57","Сукня в принт","449 грн","/uk/suknya-v-print-alana-5153592"
"58","Сукня в яскраву смужку","899 грн","/uk/suknya-sinya-bestia-5153737"
"59","Сукня в принт","399 грн","/uk/suknya-sira-marse-4067317"
"60","Сукня чорна","699 грн","/uk/suknya-zelena-elfberg-plus-size-3315418"
"61","Сукня сіра в смужку","699 грн","/uk/suknya-v-print-alana-5153592"
"62","Сукня чорна","719 грн","/uk/suknya-sinya-bestia-5153737"
"63","Сукня в принт","479 грн","/uk/suknya-sira-marse-4067317"
"64","Сукня чорна","669 грн","/uk/suknya-zelena-elfberg-plus-size-3315418"
"65","Сукня молочного кольору","359 грн","/uk/suknya-v-print-alana-5153592"
"66","Сукня бірюзова","279 грн","/uk/suknya-sinya-bestia-5153737"
"67","Сукня в принт","719 грн","/uk/suknya-sira-marse-4067317"
"68","Сукня синя","619 грн","/uk/suknya-zelena-elfberg-plus-size-3315418"
"69","Сукня кольору ментолу","419 грн","/uk/suknya-v-print-alana-5153592"
"70","Сукня в квітковий принт","691 грн","/uk/suknya-sinya-bestia-5153737"
"71","Сукня синя в квітковий принт","359 грн","/uk/suknya-sira-marse-4067317"
"72","Сукня біла з квітковим принтом","529 грн","/uk/suknya-zelena-elfberg-plus-size-3315418"
"73","Сукня в малюнок","539 грн","/uk/suknya-v-print-alana-5153592"
"74","Сукня темно-синя","419 грн","/uk/suknya-sinya-bestia-5153737"
"75","Сукня біла в горошок","239 грн","/uk/suknya-sira-marse-4067317"
"76","Сукня коричнева","549 грн","/uk/suknya-zelena-elfberg-plus-size-3315418"
"77","Сукня кольору пудри","239 грн","/uk/suknya-v-print-alana-5153592"
"78","Сукня сіра","691 грн","/uk/suknya-sinya-bestia-5153737"
"79","Сукня біла в смужку","499 грн","/uk/suknya-sira-marse-4067317"
"80","Сукня кольору хакі","859 грн","/uk/suknya-zelena-elfberg-plus-size-3315418"
"81","Сукня темно-синя","619 грн","/uk/suknya-v-print-alana-5153592"
"82","Сукня синя","479 грн","/uk/suknya-sinya-bestia-5153737"
"83","Сукня сіра","219 грн","/uk/suknya-sira-marse-4067317"
"84","Сукня кольору хакі","1399 грн","/uk/suknya-zelena-elfberg-plus-size-3315418"
"85","Сукня зелена","239 грн","/uk/suknya-v-print-alana-5153592"
"86","Сукня чорна в принт","599 грн","/uk/suknya-sinya-bestia-5153737"
"87","Сукня в принт","449 грн","/uk/suknya-sira-marse-4067317"
"88","Сукня в яскраву смужку","899 грн","/uk/suknya-zelena-elfberg-plus-size-3315418"
"89","Сукня в принт","399 грн","/uk/suknya-v-print-alana-5153592"
"90","Сукня чорна","699 грн","/uk/suknya-sinya-bestia-5153737"
"91","Сукня сіра в смужку","699 грн","/uk/suknya-sira-marse-4067317"
"92","Сукня чорна","719 грн","/uk/suknya-zelena-elfberg-plus-size-3315418"
"93","Сукня в принт","479 грн","/uk/suknya-v-print-alana-5153592"
"94","Сукня чорна","669 грн","/uk/suknya-sinya-bestia-5153737"
"95","Сукня молочного кольору","359 грн","/uk/suknya-sira-marse-4067317"
"96","Сукня бірюзова","279 грн","/uk/suknya-zelena-elfberg-plus-size-3315418"
"97","Сукня в принт","719 грн","/uk/suknya-v-print-alana-5153592"
"98","Сукня синя","619 грн","/uk/suknya-sinya-bestia-5153737"
"99","Сукня кольору ментолу","419 грн","/uk/suknya-sira-marse-4067317"
"100","Сукня в квітковий принт","691 грн","/uk/suknya-zelena-elfberg-plus-size-3315418"
"101","Сукня синя в квітковий принт","359 грн","/uk/suknya-v-print-alana-5153592"
"102","Сукня біла з квітковим принтом","529 грн","/uk/suknya-sinya-bestia-5153737"
"103","Сукня в малюнок","539 грн","/uk/suknya-sira-marse-4067317"
"104","Сукня темно-синя","419 грн","/uk/suknya-zelena-elfberg-plus-size-3315418"
"105","Сукня біла в горошок","239 грн","/uk/suknya-v-print-alana-5153592"
"106","Сукня коричнева","549 грн","/uk/suknya-sinya-bestia-5153737"
"107","Сукня кольору пудри","239 грн","/uk/suknya-sira-marse-4067317"
"108","Сукня сіра","691 грн","/uk/suknya-zelena-elfberg-plus-size-3315418"
"109","Сукня біла в смужку","499 грн","/uk/suknya-v-print-alana-5153592"
"110","Сукня кольору хакі","859 грн","/uk/suknya-sinya-bestia-5153737"
"111","Сукня темно-синя","619 грн","/uk/suknya-sira-marse-4067317"
"112","Сукня синя","479 грн","/uk/suknya-zelena-elfberg-plus-size-3315418"
"113","Сукня сіра","219 грн","/uk/suknya-v-print-alana-5153592"
"114","Сукня кольору хакі","1399 грн","/uk/suknya-sinya-bestia-5153737"
"115","Сукня зелена","239 грн","/uk/suknya-sira-marse-4067317"
"116","Сукня чорна в принт","599 грн","/uk/suknya-zelena-elfberg-plus-size-3315418"
"117","Сукня в принт","449 грн","/uk/suknya-v-print-alana-5153592"
"118","Сукня в яскраву смужку","899 грн","/uk/suknya-sinya-bestia-5153737"
"119","Сукня в принт","399 грн","/uk/suknya-sira-marse-4067317"
"120","Сукня чорна","699 грн","/uk/suknya-zelena-elfberg-plus-size-3315418"
"121","Сукня сіра в смужку","699 грн","/uk/suknya-v-print-alana-5153592"
"122","Сукня чорна","719 грн","/uk/suknya-sinya-bestia-5153737"
"123","Сукня в принт","479 грн","/uk/suknya-sira-marse-4067317"
"124","Сукня чорна","669 грн","/uk/suknya-zelena-elfberg-plus-size-3315418"
"125","Сукня молочного кольору","359 грн","/uk/suknya-v-print-alana-5153592"
"126","Сукня бірюзова","279 грн","/uk/suknya-sinya-bestia-5153737"
"127","Сукня в принт","719 грн","/uk/suknya-sira-marse-4067317"
"128","Сукня синя","619 грн","/uk/suknya-zelena-elfberg-plus-size-3315418"
"129","Сукня кольору ментолу","419 грн","/uk/suknya-v-print-alana-5153592"
"130","Сукня в квітковий принт","691 грн","/uk/suknya-sinya-bestia-5153737"
"131","Сукня синя в квітковий принт","359 грн","/uk/suknya-sira-marse-4067317"
"132","Сукня біла з квітковим принтом","529 грн","/uk/suknya-zelena-elfberg-plus-size-3315418"
"133","Сукня в малюнок","539 грн","/uk/suknya-v-print-alana-5153592"
"134","Сукня темно-синя","419 грн","/uk/suknya-sinya-bestia-5153737"
"135","Сукня біла в горошок","239 грн","/uk/suknya-sira-marse-4067317"
"136","Сукня коричнева","549 грн","/uk/suknya-zelena-elfberg-plus-size-3315418"
"137","Сукня кольору пудри","239 грн","/uk/suknya-v-print-alana-5153592"
"138","Сукня сіра","691 грн","/uk/suknya-sinya-bestia-5153737"
"139","Сукня біла в смужку","499 грн","/uk/suknya-sira-marse-4067317"
"140","Сукня кольору хакі","859 грн","/uk/suknya-zelena-elfberg-plus-size-3315418"
"141","Сукня темно-синя","619 грн","/uk/suknya-v-print-alana-5153592"
"142","Сукня синя","479 грн","/uk/suknya-sinya-bestia-5153737"
"143","Сукня сіра","219 грн","/uk/suknya-sira-marse-4067317"
"144","Сукня кольору хакі","1399 грн","/uk/suknya-zelena-elfberg-plus-size-3315418"
"145","Сукня зелена","239 грн","/uk/suknya-v-print-alana-5153592"
"146","Сукня чорна в принт","599 грн","/uk/suknya-sinya-bestia-5153737"
"147","Сукня в принт","449 грн","/uk/suknya-sira-marse-4067317"
"148","Сукня в яскраву смужку","899 грн","/uk/suknya-zelena-elfberg-plus-size-3315418"
"149","Сукня в принт","399 грн","/uk/suknya-v-print-alana-5153592"
"150","Сукня чорна","699 грн","/uk/suknya-sinya-bestia-5153737"
"151","Сукня сіра в смужку","699 грн","/uk/suknya-sira-marse-4067317"
"152","Сукня чорна","719 грн","/uk/suknya-zelena-elfberg-plus-size-3315418"
"153","Сукня в принт","479 грн","/uk/suknya-v-print-alana-5153592"
"154","Сукня чорна","669 грн","/uk/suknya-sinya-bestia-5153737"
"155","Сукня молочного кольору","359 грн","/uk/suknya-sira-marse-4067317"
"156","Сукня бірюзова","279 грн","/uk/suknya-zelena-elfberg-plus-size-3315418"
"157","Сукня в принт","719 грн","/uk/suknya-v-print-alana-5153592"
"158","Сукня синя","619 грн","/uk/suknya-sinya-bestia-5153737"
"159","Сукня кольору ментолу","419 грн","/uk/suknya-sira-marse-4067317"
"160","Сукня в квітковий принт","691 грн","/uk/suknya-zelena-elfberg-plus-size-3315418"
"161","Сукня синя в квітковий принт","359 грн","/uk/suknya-v-print-alana-5153592"
"162","Сукня біла з квітковим принтом","529 грн","/uk/suknya-sinya-bestia-5153737"
"163","Сукня в малюнок","539 грн","/uk/suknya-sira-marse-4067317"
"164","Сукня темно-синя","419 грн","/uk/suknya-zelena-elfberg-plus-size-3315418"
"165","Сукня біла в горошок","239 грн","/uk/suknya-v-print-alana-5153592"
"166","Сукня коричнева","549 грн","/uk/suknya-sinya-bestia-5153737"
"167","Сукня кольору пудри","239 грн","/uk/suknya-sira-marse-4067317"
"168","Сукня сіра","691 грн","/uk/suknya-zelena-elfberg-plus-size-3315418"
"169","Сукня біла в смужку","499 грн","/uk/suknya-v-print-alana-5153592"
"170","Сукня кольору хакі","859 грн","/uk/suknya-sinya-bestia-5153737"
"171","Сукня темно-синя","619 грн","/uk/suknya-sira-marse-4067317"
"172","Сукня синя","479 грн","/uk/suknya-zelena-elfberg-plus-size-3315418"
"173","Сукня сіра","219 грн","/uk/suknya-v-print-alana-5153592"
"174","Сукня кольору хакі","1399 грн","/uk/suknya-sinya-bestia-5153737"
"175","Сукня зелена","239 грн","/uk/suknya-sira-marse-4067317"
"176","Сукня чорна в принт","599 грн","/uk/suknya-zelena-elfberg-plus-size-3315418"
"177","Сукня в принт","449 грн","/uk/suknya-v-print-alana-5153592"
"178","Сукня в яскраву смужку","899 грн","/uk/suknya-sinya-bestia-5153737"
"179","Сукня в принт","399 грн","/uk/suknya-sira-marse-4067317"
"180","Сукня чорна","699 грн","/uk/suknya-zelena-elfberg-plus-size-3315418"
